[
  {
    "id": "e799da72-4fdb-4468-ad5a-afd2b282340e",
    "data": [
      {
        "text": "no",
        "userDefined": false
      }
    ],
    "isTemplate": false,
    "count": 0,
    "lang": "en",
    "updated": 0
  },
  {
    "id": "ccd9c725-dc4c-4185-bb4f-ddaf40b5f3f7",
    "data": [
      {
        "text": "Buy-Crumb-Fried Chicken",
        "userDefined": false
      }
    ],
    "isTemplate": false,
    "count": 0,
    "lang": "en",
    "updated": 0
  },
  {
    "id": "418217b0-c843-497e-9b76-45890eb36d02",
    "data": [
      {
        "text": "Buy-Tangri Kebabs",
        "userDefined": false
      }
    ],
    "isTemplate": false,
    "count": 0,
    "lang": "en",
    "updated": 0
  },
  {
    "id": "5edf1acd-88aa-48b8-8c01-fd55ef3de1d2",
    "data": [
      {
        "text": "Buy-Bhuna Chicken Wings",
        "userDefined": false
      }
    ],
    "isTemplate": false,
    "count": 0,
    "lang": "en",
    "updated": 0
  },
  {
    "id": "2f1f83ef-3ada-4e04-9b3d-7c05078dc559",
    "data": [
      {
        "text": "Buy-Cheese Balls",
        "userDefined": false
      }
    ],
    "isTemplate": false,
    "count": 0,
    "lang": "en",
    "updated": 0
  },
  {
    "id": "15982957-ffe1-4bb8-a8ea-b11507387afc",
    "data": [
      {
        "text": "Buy-Aloo Bonda",
        "userDefined": false
      }
    ],
    "isTemplate": false,
    "count": 0,
    "lang": "en",
    "updated": 0
  },
  {
    "id": "f21d45b5-aa7a-4e91-a18a-8ac644515b60",
    "data": [
      {
        "text": "Buy-Aloo Chaat",
        "userDefined": false
      }
    ],
    "isTemplate": false,
    "count": 0,
    "lang": "en",
    "updated": 0
  },
  {
    "id": "b54bf9b7-389e-45d3-9dda-ed785c5dbcbc",
    "data": [
      {
        "text": "Buy-Mawa Cake",
        "userDefined": false
      }
    ],
    "isTemplate": false,
    "count": 0,
    "lang": "en",
    "updated": 0
  },
  {
    "id": "ff576f00-6234-4414-a45f-05451a73a7d6",
    "data": [
      {
        "text": "Buy-Kalmi Vada",
        "userDefined": false
      }
    ],
    "isTemplate": false,
    "count": 0,
    "lang": "en",
    "updated": 0
  },
  {
    "id": "3ca814be-b7e7-4c61-9937-9c9a401cc884",
    "data": [
      {
        "text": "Buy-Enchiladas",
        "userDefined": false
      }
    ],
    "isTemplate": false,
    "count": 0,
    "lang": "en",
    "updated": 0
  },
  {
    "id": "1616b05b-7cca-4410-961e-88d8cbbff038",
    "data": [
      {
        "text": "Buy-Chicken Biryani",
        "userDefined": false
      }
    ],
    "isTemplate": false,
    "count": 0,
    "lang": "en",
    "updated": 0
  },
  {
    "id": "7ee5ffe2-3cc6-4b4d-90c9-5ee8beeeb8f4",
    "data": [
      {
        "text": "Buy-Red Snapper",
        "userDefined": false
      }
    ],
    "isTemplate": false,
    "count": 0,
    "lang": "en",
    "updated": 0
  },
  {
    "id": "6c5e58c7-e1b1-435c-9a7e-2642f5551d12",
    "data": [
      {
        "text": "Buy-Sonoran Hot Dog",
        "userDefined": false
      }
    ],
    "isTemplate": false,
    "count": 0,
    "lang": "en",
    "updated": 0
  },
  {
    "id": "2894d0a8-0898-4c2d-85a8-677e634bbb69",
    "data": [
      {
        "text": "1",
        "meta": "@sys.number",
        "alias": "number",
        "userDefined": false
      }
    ],
    "isTemplate": false,
    "count": 0,
    "lang": "en",
    "updated": 0
  },
  {
    "id": "ff837e93-5ae1-4a9d-8b19-c147f0582eb9",
    "data": [
      {
        "text": "my address is ",
        "userDefined": false
      },
      {
        "text": "897, 4th Floor, 80 Feet Main Road, 6th Block, Koramangala, Bengaluru",
        "meta": "@sys.address",
        "alias": "address",
        "userDefined": true
      }
    ],
    "isTemplate": false,
    "count": 0,
    "lang": "en",
    "updated": 0
  },
  {
    "id": "055dddcb-0aac-4e4e-b687-d8c70b22fc3a",
    "data": [
      {
        "text": "Buy-Salted Caramel Martini",
        "userDefined": false
      }
    ],
    "isTemplate": false,
    "count": 0,
    "lang": "en",
    "updated": 0
  },
  {
    "id": "7e210563-d005-43af-a26f-b954db50fa1b",
    "data": [
      {
        "text": "Buy-Snickertini",
        "userDefined": false
      }
    ],
    "isTemplate": false,
    "count": 0,
    "lang": "en",
    "updated": 0
  },
  {
    "id": "d2ff1602-fe07-4dd5-9d24-b8bfeb6e1d12",
    "data": [
      {
        "text": "Buy-Dark \u0027n Fluffy",
        "userDefined": false
      }
    ],
    "isTemplate": false,
    "count": 0,
    "lang": "en",
    "updated": 0
  },
  {
    "id": "00fc29ca-2260-4474-8d69-a25f155acc50",
    "data": [
      {
        "text": "Buy-Banana Split Martini",
        "userDefined": false
      }
    ],
    "isTemplate": false,
    "count": 0,
    "lang": "en",
    "updated": 0
  },
  {
    "id": "faa45a48-691b-4281-834a-9077fb8c6db6",
    "data": [
      {
        "text": "my email is ",
        "userDefined": false
      },
      {
        "text": "alex@gmail.com",
        "meta": "@sys.email",
        "alias": "email",
        "userDefined": true
      },
      {
        "text": " and number is ",
        "userDefined": false
      },
      {
        "text": "789675432",
        "meta": "@sys.phone-number",
        "alias": "phone-number",
        "userDefined": true
      }
    ],
    "isTemplate": false,
    "count": 0,
    "lang": "en",
    "updated": 0
  },
  {
    "id": "c4b3ca74-75d6-45b9-b577-5e16150a0b02",
    "data": [
      {
        "text": "my name is ",
        "userDefined": false
      },
      {
        "text": "alex",
        "meta": "@sys.given-name",
        "alias": "given-name",
        "userDefined": true
      },
      {
        "text": " and email is ",
        "userDefined": false
      },
      {
        "text": "alex@gmail.com",
        "meta": "@sys.email",
        "alias": "email",
        "userDefined": true
      }
    ],
    "isTemplate": false,
    "count": 0,
    "lang": "en",
    "updated": 0
  },
  {
    "id": "51393dea-2426-4546-8147-6d7f55337ed6",
    "data": [
      {
        "text": "my name is ",
        "userDefined": false
      },
      {
        "text": "alex",
        "meta": "@sys.given-name",
        "alias": "given-name",
        "userDefined": false
      }
    ],
    "isTemplate": false,
    "count": 0,
    "lang": "en",
    "updated": 0
  }
]